-- ============================================================
-- 汽车4S店维修管理系统 - 示例数据
-- ============================================================

-- 清理重复的字典数据
DELETE FROM dict_items WHERE id NOT IN (SELECT min_id FROM (SELECT MIN(id) AS min_id FROM dict_items GROUP BY dict_type, code) t);

-- ============================================================
-- 1. 字典数据补充
-- ============================================================
INSERT IGNORE INTO dict_items (dict_type, name, code, sort, status) VALUES
-- 收费类型
('charge_type', '工时费', 'labor', 1, 1),
('charge_type', '材料费', 'material', 2, 1),
('charge_type', '工时+材料', 'both', 3, 1),
-- 服务类型
('service_type', '保养', 'maintenance', 1, 1),
('service_type', '维修', 'repair', 2, 1),
('service_type', '钣金喷漆', 'sheet_metal', 3, 1),
('service_type', '美容', 'beauty', 4, 1),
('service_type', '轮胎服务', 'tire', 5, 1),
('service_type', '保险理赔', 'insurance_claim', 6, 1),
-- 付款方式
('payment_method', '现金', 'cash', 1, 1),
('payment_method', '微信', 'wechat', 2, 1),
('payment_method', '支付宝', 'alipay', 3, 1),
('payment_method', '银行卡', 'bank', 4, 1),
('payment_method', '挂账', 'credit', 5, 1),
-- 维修类别
('repair_category', '保养', 'maintenance', 1, 1),
('repair_category', '机修', 'mechanical', 2, 1),
('repair_category', '钣金', 'sheet_metal', 3, 1),
('repair_category', '喷漆', 'painting', 4, 1),
('repair_category', '电气', 'electrical', 5, 1),
-- 客户类型
('customer_type', '个人客户', 'personal', 1, 1),
('customer_type', '企业客户', 'enterprise', 2, 1),
-- VIP等级
('vip_level', '普通客户', 'normal', 1, 1),
('vip_level', '银卡客户', 'silver', 2, 1),
('vip_level', '金卡客户', 'gold', 3, 1),
('vip_level', '钻石客户', 'diamond', 4, 1);

-- ============================================================
-- 2. 补充供应商（当前仅1条）
-- ============================================================
INSERT IGNORE INTO suppliers (id, name, code, contact_person, phone, email, address, bank_name, bank_account, credit_level, status) VALUES
(2, '博世汽车配件', 'BS001', '张经理', '010-12345678', 'zhang@bosch.com', '北京市朝阳区建国路88号', '中国工商银行', '6222 0200 0100 1234567', 5, 1),
(3, '米其林轮胎', 'MS001', '李总监', '021-87654321', 'li@michelin.com', '上海市浦东新区世纪大道100号', '中国建设银行', '6227 0000 0100 2345678', 4, 1),
(4, '壳牌润滑油', 'SQ001', '王主管', '020-55556666', 'wang@shell.com', '广州市天河区体育西路50号', '中国银行', '6216 6100 0100 3456789', 4, 1),
(5, '马勒滤清器', 'ML001', '赵经理', '0571-88889999', 'zhao@mahle.com', '杭州市西湖区文三路200号', '中国农业银行', '6228 4800 0100 4567890', 3, 1),
(6, '电装配件', 'DZ001', '陈总', '010-66667777', 'chen@denso.com', '北京市海淀区中关村大街1号', '招商银行', '6225 8800 0100 5678901', 5, 1),
(7, '大陆集团', 'DL001', '刘经理', '021-33334444', 'liu@continental.com', '上海市嘉定区安亭镇', '交通银行', '6222 6000 0100 6789012', 4, 1),
(8, '日立汽车零部件', 'RZ001', '孙主管', '010-22223333', 'sun@hitachi.com', '北京市顺义区空港工业区', '中国光大银行', '6226 6300 0100 7890123', 3, 1);

-- ============================================================
-- 3. 补充用户（各角色）
-- ============================================================
-- 密码统一为 admin123 的 werkzeug hash
INSERT IGNORE INTO users (id, username, password_hash, real_name, gender, phone, email, role_id, department, position, employee_type, status) VALUES
(2, 'wangfang', 'scrypt:32768:8:1$HQvNqFuB4wN29lF1$0b36c82511253d30f053fef686191b8f04234688af3d7b046f633fed67d136a428aeb91acafe5213a749d34a8e1e328dee43f57dce41bc0aedef8543e8e91388', '王芳', 0, '13800138002', 'wangfang@4s.com', 3, '客服部', '服务顾问', 'service', 1),
(3, 'liming', 'scrypt:32768:8:1$HQvNqFuB4wN29lF1$0b36c82511253d30f053fef686191b8f04234688af3d7b046f633fed67d136a428aeb91acafe5213a749d34a8e1e328dee43f57dce41bc0aedef8543e8e91388', '李明', 1, '13800138003', 'liming@4s.com', 4, '维修部', '高级技师', 'technician', 1),
(4, 'zhangwei_tech', 'scrypt:32768:8:1$HQvNqFuB4wN29lF1$0b36c82511253d30f053fef686191b8f04234688af3d7b046f633fed67d136a428aeb91acafe5213a749d34a8e1e328dee43f57dce41bc0aedef8543e8e91388', '张伟', 1, '13800138004', 'zhangwei@4s.com', 4, '维修部', '中级技师', 'technician', 1),
(5, 'chenjie', 'scrypt:32768:8:1$HQvNqFuB4wN29lF1$0b36c82511253d30f053fef686191b8f04234688af3d7b046f633fed67d136a428aeb91acafe5213a749d34a8e1e328dee43f57dce41bc0aedef8543e8e91388', '陈杰', 1, '13800138005', 'chenjie@4s.com', 5, '配件部', '配件管理员', 'parts_manager', 1),
(6, 'liuyan', 'scrypt:32768:8:1$HQvNqFuB4wN29lF1$0b36c82511253d30f053fef686191b8f04234688af3d7b046f633fed67d136a428aeb91acafe5213a749d34a8e1e328dee43f57dce41bc0aedef8543e8e91388', '刘燕', 0, '13800138006', 'liuyan@4s.com', 6, '财务部', '财务主管', 'finance', 1);

-- ============================================================
-- 4. 员工
-- ============================================================
INSERT IGNORE INTO employees (id, employee_no, name, gender, phone, department, position, employee_type, level, entry_date, base_salary, hourly_rate, user_id, status) VALUES
(1, 'EMP001', '李明', 1, '13800138003', '维修部', '高级技师', 'technician', '高级', '2020-03-15', 8000, 180, 3, 1),
(2, 'EMP002', '张伟', 1, '13800138004', '维修部', '中级技师', 'technician', '中级', '2021-06-01', 6000, 150, 4, 1),
(3, 'EMP003', '王芳', 0, '13800138002', '客服部', '服务顾问', 'service', '中级', '2019-09-10', 7000, 0, 2, 1),
(4, 'EMP004', '陈杰', 1, '13800138005', '配件部', '配件主管', 'parts_manager', '高级', '2018-01-20', 7500, 0, 5, 1),
(5, 'EMP005', '刘燕', 0, '13800138006', '财务部', '财务主管', 'finance', '高级', '2017-05-08', 8500, 0, 6, 1);

-- ============================================================
-- 5. 客户
-- ============================================================
INSERT IGNORE INTO customers (id, customer_no, name, phone, email, gender, birthday, id_card, address, customer_type, company_name, vip_level, total_spending, points, remark, status, created_by, created_at) VALUES
(1, 'C20240001', '张伟', '13800138001', 'zhangwei@email.com', 1, '1985-06-15', '110101198506150011', '北京市朝阳区望京SOHO', 1, NULL, 3, 15800.00, 1580, '老客户，宝马3系车主', 1, 1, '2024-01-15 10:30:00'),
(2, 'C20240002', '李娜', '13900139002', 'lina@email.com', 0, '1990-03-22', '110102199003220022', '北京市海淀区中关村大街1号', 1, NULL, 2, 8500.00, 850, '奔驰C级车主', 1, 2, '2024-02-20 14:00:00'),
(3, 'C20240003', '王强', '13700137003', 'wangqiang@email.com', 1, '1988-11-08', '310101198811080033', '上海市浦东新区陆家嘴', 1, NULL, 4, 32000.00, 3200, 'VIP钻石客户，奥迪A6L', 1, 1, '2024-01-05 09:00:00'),
(4, 'C20240004', '赵敏', '13600136004', 'zhaomin@email.com', 0, '1995-07-30', '440101199507300044', '广州市天河区珠江新城', 1, NULL, 1, 3200.00, 320, '大众帕萨特车主', 1, 2, '2024-03-10 11:20:00'),
(5, 'C20240005', '刘洋', '13500135005', 'liuyang@email.com', 1, '1982-01-18', '510101198201180055', '成都市武侯区天府大道', 1, NULL, 2, 12000.00, 1200, '丰田凯美瑞车主', 1, 1, '2024-02-05 16:45:00'),
(6, 'C20240006', '华腾汽车服务有限公司', '13300133006', 'service@huateng.com', NULL, NULL, NULL, '北京市丰台区南三环西路', 2, '华腾汽车服务有限公司', 3, 45000.00, 4500, '企业客户，车队管理', 1, 1, '2024-01-20 08:30:00'),
(7, 'C20240007', '陈静', '13200132007', 'chenjing@email.com', 0, '1992-09-12', '330101199209120066', '杭州市西湖区文三路', 1, NULL, 1, 1800.00, 180, '宝马X3车主', 1, 2, '2024-04-01 10:00:00'),
(8, 'C20240008', '孙磊', '13100131008', 'sunlei@email.com', 1, '1987-04-25', '320101198704250077', '南京市鼓楼区汉中路', 1, NULL, 2, 9600.00, 960, '奥迪Q5L车主', 1, 1, '2024-03-15 13:30:00');

-- ============================================================
-- 6. 车辆
-- ============================================================
INSERT IGNORE INTO vehicles (id, vehicle_no, customer_id, plate_number, vin, brand, model, year, color, engine_no, purchase_date, mileage, insurance_date, inspection_date, remark, status, created_by, created_at) VALUES
(1, 'V20240001', 1, '京A12345', 'WBAJB1105MCZ12345', '宝马', '325Li', 2023, '白色', 'N20B20C_123456', '2023-03-15', 28500, '2025-03-15', '2027-03-15', '车况良好', 1, 2, '2024-01-15 10:35:00'),
(2, 'V20240002', 2, '京B67890', 'WDD205020J2001234', '奔驰', 'C260L', 2022, '黑色', '264920_234567', '2022-06-20', 35200, '2025-06-20', '2026-06-20', '定期保养', 1, 2, '2024-02-20 14:10:00'),
(3, 'V20240003', 3, '京C11111', 'LFVWA2183K3001234', '奥迪', 'A6L', 2024, '银色', 'DKW_345678', '2024-01-10', 12800, '2026-01-10', '2028-01-10', '新车', 1, 1, '2024-01-05 09:10:00'),
(4, 'V20240004', 4, '沪D22222', 'LSVAA2182N2012345', '大众', '帕萨特', 2021, '灰色', 'EA888_456789', '2021-09-01', 52000, '2025-09-01', '2025-09-01', '需更换刹车片', 1, 2, '2024-03-10 11:25:00'),
(5, 'V20240005', 5, '川E33333', '4T1B11HK5NU123456', '丰田', '凯美瑞', 2023, '红色', 'A25A-FXS_567890', '2023-05-08', 22000, '2025-05-08', '2027-05-08', '正常使用', 1, 1, '2024-02-05 16:50:00'),
(6, 'V20240006', 6, '京F44444', 'WBAJB1105MCZ654321', '宝马', '530Li', 2022, '黑色', 'B48B20B_654321', '2022-11-20', 41000, '2025-11-20', '2026-11-20', '企业用车', 1, 1, '2024-01-20 08:40:00'),
(7, 'V20240007', 7, '浙G55555', 'WBAJA6105MCZ789012', '宝马', 'X3', 2024, '蓝色', 'B48B20C_789012', '2024-02-28', 8500, '2026-02-28', '2028-02-28', '新车首保', 1, 2, '2024-04-01 10:05:00'),
(8, 'V20240008', 8, '苏H66666', 'LFVWA2185K300345678', '奥迪', 'Q5L', 2023, '白色', 'DKW_345679', '2023-08-15', 25000, '2025-08-15', '2027-08-15', '定期保养', 1, 1, '2024-03-15 13:35:00');

-- ============================================================
-- 7. 配件
-- ============================================================
INSERT IGNORE INTO parts (id, part_no, name, pinyin_code, category_id, brand, model, specification, unit, purchase_price, selling_price, stock_quantity, min_stock, max_stock, safety_stock, warehouse, location, status, created_at) VALUES
(1, 'P-BMW-001', '机油滤清器', 'JYLQ', 5, '宝马原厂', '3系/5系/X3', '11427577954', '个', 35.00, 68.00, 50, 10, 100, 15, '主仓库', 'A-01-01', 1, NOW()),
(2, 'P-BMW-002', '空气滤清器', 'KQLQ', 5, '宝马原厂', '3系/5系', '13711438837', '个', 85.00, 158.00, 30, 5, 60, 10, '主仓库', 'A-01-02', 1, NOW()),
(3, 'P-BMW-003', '刹车片(前)', 'SCPQ', 2, '博世', '宝马3系', 'BP1234', '套', 280.00, 520.00, 20, 5, 40, 8, '主仓库', 'B-02-01', 1, NOW()),
(4, 'P-BMW-004', '刹车片(后)', 'SCPH', 2, '博世', '宝马3系', 'BP1235', '套', 240.00, 450.00, 18, 5, 40, 8, '主仓库', 'B-02-02', 1, NOW()),
(5, 'P-BMW-005', '5W-30全合成机油', '5W30QH', 5, '壳牌', '通用', '4L/桶', '桶', 180.00, 328.00, 80, 20, 150, 30, '主仓库', 'C-01-01', 1, NOW()),
(6, 'P-BMW-006', '火花塞', 'HH', 1, '电装', '宝马B48', 'IKH20TT', '支', 45.00, 88.00, 60, 15, 120, 20, '主仓库', 'A-02-01', 1, NOW()),
(7, 'P-BENZ-001', '机油滤清器', 'JYLQ', 5, '奔驰原厂', 'C级/E级', 'A2761800109', '个', 42.00, 78.00, 35, 8, 70, 12, '主仓库', 'A-01-03', 1, NOW()),
(8, 'P-BENZ-002', '雨刮片', 'YGP', 3, '博世', '奔驰C级', 'UH724', '对', 120.00, 220.00, 15, 3, 30, 5, '主仓库', 'C-02-01', 1, NOW()),
(9, 'P-AUDI-001', '机油滤清器', 'JYLQ', 5, '奥迪原厂', 'A4/A6/Q5', '06J115561F', '个', 38.00, 72.00, 40, 10, 80, 15, '主仓库', 'A-01-04', 1, NOW()),
(10, 'P-AUDI-002', '空调滤清器', 'KTLQ', 5, '马勒', '奥迪A6L', 'LA181', '个', 55.00, 108.00, 25, 5, 50, 8, '主仓库', 'A-01-05', 1, NOW()),
(11, 'P-VW-001', '刹车片(前)', 'SCPQ', 2, '大陆集团', '大众帕萨特', '5QD698151A', '套', 220.00, 420.00, 15, 5, 30, 8, '主仓库', 'B-02-03', 1, NOW()),
(12, 'P-VW-002', '正时皮带', 'ZSPD', 1, '大陆集团', '大众EA888', '5QD095831A', '根', 350.00, 680.00, 8, 2, 20, 5, '主仓库', 'B-03-01', 1, NOW()),
(13, 'P-TYRE-001', '轮胎 225/50R17', 'LT225', 4, '米其林', '宝马3系', '浩悦4 225/50R17', '条', 650.00, 1100.00, 24, 8, 50, 12, '主仓库', 'D-01-01', 1, NOW()),
(14, 'P-TYRE-002', '轮胎 235/55R18', 'LT235', 4, '米其林', '奥迪Q5L', '旅悦+ 235/55R18', '条', 780.00, 1350.00, 16, 6, 40, 10, '主仓库', 'D-01-02', 1, NOW()),
(15, 'P-TOY-001', '机油滤清器', 'JYLQ', 5, '电装', '丰田凯美瑞', '90915-YZZD2', '个', 22.00, 45.00, 45, 10, 80, 15, '主仓库', 'A-01-06', 1, NOW()),
(16, 'P-GEN-001', '防冻液', 'FFY', 1, '壳牌', '通用', '-35℃ 4L', '桶', 45.00, 88.00, 30, 10, 60, 15, '主仓库', 'C-01-02', 1, NOW()),
(17, 'P-GEN-002', '刹车油', 'SCY', 1, '博世', '通用', 'DOT4 1L', '瓶', 38.00, 75.00, 40, 10, 80, 15, '主仓库', 'C-01-03', 1, NOW()),
(18, 'P-GEN-003', '变速箱油', 'BSXY', 1, '壳牌', '通用', 'ATF 4L', '桶', 120.00, 238.00, 20, 5, 40, 8, '主仓库', 'C-01-04', 1, NOW());

-- ============================================================
-- 8. 维修项目模板
-- ============================================================
INSERT IGNORE INTO repair_item_templates (id, item_name, item_code, category, charge_type, repair_category, labor_hours, labor_price, description, status, sort_order, created_by, created_at) VALUES
(1, '小保养', 'WH-XBY', '保养', 'both', '保养', 1.0, 120.00, '更换机油+机滤', 1, 1, 1, NOW()),
(2, '大保养', 'WH-DBY', '保养', 'both', '保养', 2.5, 300.00, '更换机油+机滤+空滤+空调滤', 1, 2, 1, NOW()),
(3, '更换前刹车片', 'WH-QSCP', '制动系统', 'both', '机修', 1.5, 180.00, '更换前轮刹车片', 1, 3, 1, NOW()),
(4, '更换后刹车片', 'WH-HSCP', '制动系统', 'both', '机修', 1.5, 180.00, '更换后轮刹车片', 1, 4, 1, NOW()),
(5, '更换轮胎', 'WH-GHLT', '轮胎服务', 'both', '机修', 0.5, 60.00, '更换单条轮胎', 1, 5, 1, NOW()),
(6, '四轮定位', 'WH-SWDW', '底盘', 'labor', '机修', 1.0, 200.00, '四轮定位调整', 1, 6, 1, NOW()),
(7, '更换火花塞', 'WH-HHC', '发动机', 'both', '机修', 1.0, 150.00, '更换全部火花塞', 1, 7, 1, NOW()),
(8, '更换空调滤清器', 'WH-KTLQ', '空调', 'both', '机修', 0.5, 60.00, '更换空调滤芯', 1, 8, 1, NOW()),
(9, '更换雨刮片', 'WH-YGP', '车身', 'both', '机修', 0.3, 30.00, '更换前挡雨刮', 1, 9, 1, NOW()),
(10, '更换正时皮带', 'WH-ZSPD', '发动机', 'both', '机修', 4.0, 480.00, '更换正时皮带+张紧轮', 1, 10, 1, NOW()),
(11, '钣金修复', 'WH-BJXF', '钣金', 'labor', '钣金', 8.0, 1200.00, '钣金整形修复', 1, 11, 1, NOW()),
(12, '喷漆(单面)', 'WH-PQDM', '喷漆', 'labor', '喷漆', 4.0, 800.00, '单面喷漆修复', 1, 12, 1, NOW());

-- ============================================================
-- 9. 预约
-- ============================================================
INSERT IGNORE INTO appointments (id, appointment_no, customer_id, vehicle_id, phone, appointment_date, appointment_time, service_type, description, status, confirm_by, remark, created_by, created_at) VALUES
(1, 'YY20240401001', 1, 1, '13800138001', '2026-04-29', '09:00', '保养', '小保养，已行驶3万公里', 2, 2, '老客户预约', 2, '2026-04-28 15:00:00'),
(2, 'YY20240401002', 3, 3, '13700137003', '2026-04-30', '10:00', '维修', '发动机异响检查', 1, 2, 'VIP客户', 2, '2026-04-29 09:30:00'),
(3, 'YY20240401003', 5, 5, '13500135005', '2026-04-30', '14:00', '保养', '大保养', 1, 2, NULL, 1, '2026-04-29 11:00:00'),
(4, 'YY20240401004', 8, 8, '13100131008', '2026-05-02', '09:30', '保养', '2万公里保养', 0, NULL, NULL, 1, '2026-04-29 16:00:00');

-- ============================================================
-- 10. 工单
-- ============================================================
INSERT IGNORE INTO work_orders (id, order_no, customer_id, vehicle_id, mileage, status, service_type, fault_description, repair_suggestion, estimated_cost, actual_cost, parts_cost, labor_cost, other_cost, discount_rate, discount_amount, total_amount, received_amount, is_paid, repair_confirmed, parts_outbound_confirmed, created_by, confirmed_by, confirmed_at, assigned_by, assigned_at, inspected_by, inspected_at, completed_by, completed_at, settled_by, settled_at, delivery_at, remark, claim_manufacturer, insurance_company, created_at, updated_at) VALUES
(1, 'G20260401001', 1, 1, 28500, 4, '保养', '3万公里常规保养', '小保养套餐', 500.00, 486.00, 396.00, 120.00, 0.00, 0.95, 24.30, 486.00, 486.00, 1, 1, 1, 2, 2, '2026-04-01 09:10:00', 1, '2026-04-01 09:15:00', 3, '2026-04-01 11:30:00', 3, '2026-04-01 11:30:00', 6, '2026-04-01 12:00:00', '2026-04-01 12:10:00', NULL, NULL, NULL, '2026-04-01 09:00:00', '2026-04-01 12:00:00'),
(2, 'G20260405001', 3, 3, 13000, 4, '维修', '前保险杠轻微刮蹭', '钣金+喷漆修复', 2500.00, 2380.00, 0.00, 2000.00, 0.00, 0.90, 200.00, 2380.00, 2380.00, 1, 1, 1, 1, 1, '2026-04-05 10:00:00', 1, '2026-04-05 10:05:00', 4, '2026-04-05 16:00:00', 4, '2026-04-05 16:00:00', 6, '2026-04-06 09:30:00', '2026-04-06 09:40:00', NULL, NULL, NULL, '2026-04-05 09:50:00', '2026-04-06 09:40:00'),
(3, 'G20260410001', 5, 5, 22500, 4, '保养', '2万公里大保养', '大保养套餐', 1200.00, 1156.00, 856.00, 300.00, 0.00, 0.95, 57.80, 1156.00, 1156.00, 1, 1, 1, 1, 1, '2026-04-10 14:00:00', 1, '2026-04-10 14:05:00', 3, '2026-04-10 16:30:00', 3, '2026-04-10 16:30:00', 6, '2026-04-11 10:00:00', '2026-04-11 10:10:00', NULL, NULL, NULL, '2026-04-10 13:50:00', '2026-04-11 10:10:00'),
(4, 'G20260425001', 2, 2, 35500, 1, '维修', '刹车异响，需更换前后刹车片', '更换前后刹车片', 1200.00, 0.00, 0.00, 0.00, 0.00, 1.00, 0.00, 0.00, 0.00, 0, 0, 0, 2, 2, '2026-04-25 09:00:00', 1, '2026-04-25 09:05:00', NULL, NULL, NULL, NULL, NULL, NULL, NULL, NULL, NULL, NULL, '2026-04-25 08:50:00', NULL),
(5, 'G20260428001', 4, 4, 52500, 1, '维修', '发动机故障灯亮，需检查', '读取故障码，检查相关传感器', 800.00, 0.00, 0.00, 0.00, 0.00, 1.00, 0.00, 0.00, 0.00, 0, 0, 0, 2, 2, '2026-04-28 10:30:00', 1, '2026-04-28 10:35:00', NULL, NULL, NULL, NULL, NULL, NULL, NULL, NULL, NULL, NULL, '2026-04-28 10:20:00', NULL),
(6, 'G20260429001', 7, 7, 8500, 0, '保养', '新车首保', '小保养套餐', 500.00, 0.00, 0.00, 0.00, 0.00, 1.00, 0.00, 0.00, 0.00, 0, 0, 0, 2, NULL, NULL, NULL, NULL, NULL, NULL, NULL, NULL, NULL, NULL, NULL, NULL, '2026-04-29 08:30:00', NULL),
(7, 'G20260429002', 8, 8, 25200, 0, '保养', '2万公里保养', '大保养套餐', 1200.00, 0.00, 0.00, 0.00, 0.00, 1.00, 0.00, 0.00, 0.00, 0, 0, 0, 2, NULL, NULL, NULL, NULL, NULL, NULL, NULL, NULL, NULL, NULL, NULL, NULL, '2026-04-29 09:00:00', NULL);

-- ============================================================
-- 11. 工单维修项目
-- ============================================================
INSERT IGNORE INTO repair_items (id, order_id, item_name, item_code, category, charge_type, repair_category, labor_hours, labor_price, labor_amount, discount_rate, technician_id, technician_name, status, start_time, end_time, created_at) VALUES
-- 工单1 维修项目
(1, 1, '小保养', 'WH-XBY', '保养', 'both', '保养', 1.0, 120.00, 120.00, 0.95, 3, '李明', 2, '2026-04-01 09:20:00', '2026-04-01 10:30:00', '2026-04-01 09:20:00'),
-- 工单2 维修项目
(2, 2, '钣金修复', 'WH-BJXF', '钣金', 'labor', '钣金', 8.0, 1200.00, 1200.00, 0.90, 4, '张伟', 2, '2026-04-05 10:20:00', '2026-04-05 15:30:00', '2026-04-05 10:20:00'),
(3, 2, '喷漆(单面)', 'WH-PQDM', '喷漆', 'labor', '喷漆', 4.0, 800.00, 800.00, 0.90, 4, '张伟', 2, '2026-04-05 10:20:00', '2026-04-05 15:30:00', '2026-04-05 10:20:00'),
-- 工单3 维修项目
(4, 3, '大保养', 'WH-DBY', '保养', 'both', '保养', 2.5, 300.00, 300.00, 0.95, 3, '李明', 2, '2026-04-10 14:10:00', '2026-04-10 16:00:00', '2026-04-10 14:10:00'),
-- 工单4 维修项目
(5, 4, '更换前刹车片', 'WH-QSCP', '制动系统', 'both', '机修', 1.5, 180.00, 180.00, 1.00, 3, '李明', 1, '2026-04-25 09:20:00', NULL, '2026-04-25 09:20:00'),
(6, 4, '更换后刹车片', 'WH-HSCP', '制动系统', 'both', '机修', 1.5, 180.00, 180.00, 1.00, 4, '张伟', 0, NULL, NULL, '2026-04-25 09:20:00'),
-- 工单5 维修项目
(7, 5, '发动机故障诊断', 'WH-FDJGZZD', '发动机', 'labor', '机修', 2.0, 240.00, 240.00, 1.00, 3, '李明', 1, '2026-04-28 10:40:00', NULL, '2026-04-28 10:40:00');

-- ============================================================
-- 12. 工单配件使用
-- ============================================================
INSERT IGNORE INTO work_order_parts (id, order_id, part_id, repair_item_id, quantity, unit_price, total_price, discount_rate, charge_type, repair_category, outbound_status, created_at) VALUES
-- 工单1 配件
(1, 1, 1, 1, 1, 68.00, 68.00, 0.95, 'material', '保养', 1, '2026-04-01 09:20:00'),
(2, 1, 5, 1, 1, 328.00, 328.00, 0.95, 'material', '保养', 1, '2026-04-01 09:20:00'),
-- 工单3 配件
(3, 3, 1, 4, 1, 68.00, 68.00, 0.95, 'material', '保养', 1, '2026-04-10 14:10:00'),
(4, 3, 2, 4, 1, 158.00, 158.00, 0.95, 'material', '保养', 1, '2026-04-10 14:10:00'),
(5, 3, 10, 4, 1, 108.00, 108.00, 0.95, 'material', '保养', 1, '2026-04-10 14:10:00'),
(6, 3, 5, 4, 1, 328.00, 328.00, 0.95, 'material', '保养', 1, '2026-04-10 14:10:00'),
(7, 3, 17, 4, 1, 75.00, 75.00, 0.95, 'material', '保养', 1, '2026-04-10 14:10:00'),
-- 工单4 配件
(8, 4, 3, 5, 1, 520.00, 520.00, 1.00, 'material', '机修', 0, '2026-04-25 09:20:00'),
(9, 4, 4, 6, 1, 450.00, 450.00, 1.00, 'material', '机修', 0, '2026-04-25 09:20:00'),
(10, 4, 17, 5, 1, 75.00, 75.00, 1.00, 'material', '机修', 0, '2026-04-25 09:20:00');

-- ============================================================
-- 13. 工单技师分配
-- ============================================================
INSERT IGNORE INTO work_order_technicians (id, order_id, repair_item_id, technician_id, technician_name, assign_type, labor_hours, labor_amount, assigned_by, assigned_at, status, completed_at, created_at) VALUES
(1, 1, 1, 3, '李明', 'primary', 1.0, 120.00, 1, '2026-04-01 09:15:00', 2, '2026-04-01 10:30:00', '2026-04-01 09:15:00'),
(2, 2, 2, 4, '张伟', 'primary', 8.0, 1200.00, 1, '2026-04-05 10:05:00', 2, '2026-04-05 15:30:00', '2026-04-05 10:05:00'),
(3, 2, 3, 4, '张伟', 'primary', 4.0, 800.00, 1, '2026-04-05 10:05:00', 2, '2026-04-05 15:30:00', '2026-04-05 10:05:00'),
(4, 3, 4, 3, '李明', 'primary', 2.5, 300.00, 1, '2026-04-10 14:05:00', 2, '2026-04-10 16:00:00', '2026-04-10 14:05:00'),
(5, 4, 5, 3, '李明', 'primary', 1.5, 180.00, 1, '2026-04-25 09:05:00', 1, NULL, '2026-04-25 09:05:00'),
(6, 4, 6, 4, '张伟', 'primary', 1.5, 180.00, 1, '2026-04-25 09:05:00', 0, NULL, '2026-04-25 09:05:00'),
(7, 5, 7, 3, '李明', 'primary', 2.0, 240.00, 1, '2026-04-28 10:35:00', 1, NULL, '2026-04-28 10:35:00');

-- ============================================================
-- 14. 工单流转日志
-- ============================================================
INSERT IGNORE INTO work_order_flow_logs (id, order_id, from_status, to_status, operator_id, operator_name, operation, remark, created_at) VALUES
(1, 1, NULL, 0, 2, '王芳', '创建工单', NULL, '2026-04-01 09:00:00'),
(2, 1, 0, 1, 2, '王芳', '接车 → 维修中', NULL, '2026-04-01 09:10:00'),
(3, 1, 1, 3, 3, '李明', '维修中 → 完工', '保养完成', '2026-04-01 11:30:00'),
(4, 1, 3, 4, 6, '刘燕', '完工 → 收款', '微信支付', '2026-04-01 12:00:00'),
(5, 2, NULL, 0, 1, '系统管理员', '创建工单', NULL, '2026-04-05 09:50:00'),
(6, 2, 0, 1, 1, '系统管理员', '接车 → 维修中', NULL, '2026-04-05 10:00:00'),
(7, 2, 1, 3, 4, '张伟', '维修中 → 完工', '钣金喷漆完成', '2026-04-05 16:00:00'),
(8, 2, 3, 4, 6, '刘燕', '完工 → 收款', '银行卡支付', '2026-04-06 09:30:00'),
(9, 3, NULL, 0, 1, '系统管理员', '创建工单', NULL, '2026-04-10 13:50:00'),
(10, 3, 0, 1, 1, '系统管理员', '接车 → 维修中', NULL, '2026-04-10 14:00:00'),
(11, 3, 1, 3, 3, '李明', '维修中 → 完工', '大保养完成', '2026-04-10 16:30:00'),
(12, 3, 3, 4, 6, '刘燕', '完工 → 收款', '支付宝支付', '2026-04-11 10:00:00'),
(13, 4, NULL, 0, 2, '王芳', '创建工单', NULL, '2026-04-25 08:50:00'),
(14, 4, 0, 1, 2, '王芳', '接车 → 维修中', NULL, '2026-04-25 09:00:00'),
(15, 5, NULL, 0, 2, '王芳', '创建工单', NULL, '2026-04-28 10:20:00'),
(16, 5, 0, 1, 2, '王芳', '接车 → 维修中', NULL, '2026-04-28 10:30:00'),
(17, 6, NULL, 0, 2, '王芳', '创建工单', NULL, '2026-04-29 08:30:00'),
(18, 7, NULL, 0, 1, '系统管理员', '创建工单', NULL, '2026-04-29 09:00:00');

-- ============================================================
-- 15. 配件入库单
-- ============================================================
INSERT IGNORE INTO parts_inbound (id, inbound_no, supplier_id, total_amount, total_quantity, status, inbound_by, inbound_at, remark, invoice_type, tax_rate, created_by, created_at) VALUES
(1, 'RK20260315001', 2, 15800.00, 100, 1, 5, '2026-03-15 10:00:00', '3月宝马配件采购', '专票', 13.00, 1, '2026-03-15 09:30:00'),
(2, 'RK20260320001', 3, 26000.00, 50, 1, 5, '2026-03-20 14:00:00', '米其林轮胎采购', '专票', 13.00, 1, '2026-03-20 13:30:00'),
(3, 'RK20260325001', 4, 8500.00, 80, 1, 5, '2026-03-25 11:00:00', '壳牌润滑油采购', '普票', 3.00, 1, '2026-03-25 10:30:00'),
(4, 'RK20260401001', 5, 3200.00, 40, 1, 5, '2026-04-01 09:30:00', '马勒滤清器采购', '无发票', 0.00, 1, '2026-04-01 09:00:00'),
(5, 'RK20260410001', 6, 12000.00, 60, 1, 5, '2026-04-10 15:00:00', '电装配件采购', '专票', 13.00, 1, '2026-04-10 14:30:00'),
(6, 'RK20260415001', 7, 9800.00, 30, 1, 5, '2026-04-15 10:00:00', '大陆集团配件采购', '专票', 13.00, 1, '2026-04-15 09:30:00');

-- ============================================================
-- 16. 入库单明细
-- ============================================================
INSERT IGNORE INTO parts_inbound_details (id, inbound_id, part_id, quantity, unit_price, unit_price_with_tax, total_price, unit, location, created_at) VALUES
(1, 1, 1, 30, 35.00, 39.55, 1050.00, '个', 'A-01-01', '2026-03-15 10:00:00'),
(2, 1, 2, 20, 85.00, 96.05, 1700.00, '个', 'A-01-02', '2026-03-15 10:00:00'),
(3, 1, 3, 20, 280.00, 316.40, 5600.00, '套', 'B-02-01', '2026-03-15 10:00:00'),
(4, 1, 4, 15, 240.00, 271.20, 3600.00, '套', 'B-02-02', '2026-03-15 10:00:00'),
(5, 1, 6, 15, 45.00, 50.85, 675.00, '支', 'A-02-01', '2026-03-15 10:00:00'),
(6, 2, 13, 20, 650.00, 734.50, 13000.00, '条', 'D-01-01', '2026-03-20 14:00:00'),
(7, 2, 14, 10, 780.00, 881.40, 7800.00, '条', 'D-01-02', '2026-03-20 14:00:00'),
(8, 3, 5, 30, 180.00, 185.40, 5400.00, '桶', 'C-01-01', '2026-03-25 11:00:00'),
(9, 3, 16, 15, 45.00, 46.35, 675.00, '桶', 'C-01-02', '2026-03-25 11:00:00'),
(10, 3, 17, 20, 38.00, 39.14, 760.00, '瓶', 'C-01-03', '2026-03-25 11:00:00'),
(11, 3, 18, 10, 120.00, 123.60, 1200.00, '桶', 'C-01-04', '2026-03-25 11:00:00'),
(12, 4, 10, 20, 55.00, 55.00, 1100.00, '个', 'A-01-05', '2026-04-01 09:30:00'),
(13, 4, 15, 20, 22.00, 22.00, 440.00, '个', 'A-01-06', '2026-04-01 09:30:00'),
(14, 5, 6, 30, 45.00, 50.85, 1350.00, '支', 'A-02-01', '2026-04-10 15:00:00'),
(15, 5, 7, 15, 42.00, 47.46, 630.00, '个', 'A-01-03', '2026-04-10 15:00:00'),
(16, 5, 9, 15, 38.00, 42.94, 570.00, '个', 'A-01-04', '2026-04-10 15:00:00'),
(17, 6, 11, 15, 220.00, 248.60, 3300.00, '套', 'B-02-03', '2026-04-15 10:00:00'),
(18, 6, 12, 8, 350.00, 395.50, 2800.00, '根', 'B-03-01', '2026-04-15 10:00:00'),
(19, 6, 8, 7, 120.00, 135.60, 840.00, '对', 'C-02-01', '2026-04-15 10:00:00');

-- ============================================================
-- 17. 配件出库单
-- ============================================================
INSERT IGNORE INTO parts_outbound (id, outbound_no, order_id, outbound_type, total_amount, total_quantity, status, outbound_by, outbound_at, remark, created_by, created_at) VALUES
(1, 'CK20260401001', 1, 'repair', 396.00, 2, 1, 5, '2026-04-01 09:20:00', '工单G20260401001配件出库', 5, '2026-04-01 09:15:00'),
(2, 'CK20260410001', 3, 'repair', 856.00, 5, 1, 5, '2026-04-10 14:10:00', '工单G20260410001配件出库', 5, '2026-04-10 14:05:00');

-- ============================================================
-- 18. 出库单明细
-- ============================================================
INSERT IGNORE INTO parts_outbound_details (id, outbound_id, part_id, quantity, unit_price, total_price, created_at) VALUES
(1, 1, 1, 1, 68.00, 68.00, '2026-04-01 09:20:00'),
(2, 1, 5, 1, 328.00, 328.00, '2026-04-01 09:20:00'),
(3, 2, 1, 1, 68.00, 68.00, '2026-04-10 14:10:00'),
(4, 2, 2, 1, 158.00, 158.00, '2026-04-10 14:10:00'),
(5, 2, 10, 1, 108.00, 108.00, '2026-04-10 14:10:00'),
(6, 2, 5, 1, 328.00, 328.00, '2026-04-10 14:10:00'),
(7, 2, 17, 1, 75.00, 75.00, '2026-04-10 14:10:00');

-- ============================================================
-- 19. 库存变动记录
-- ============================================================
INSERT IGNORE INTO stock_movements (id, part_id, movement_type, reference_type, reference_id, quantity_before, quantity_change, quantity_after, price_before, price_after, operator_id, remark, created_at) VALUES
(1, 1, 'in', 'inbound', 1, 0, 30, 30, 0.00, 68.00, 5, '入库单RK20260315001', '2026-03-15 10:00:00'),
(2, 5, 'in', 'inbound', 3, 0, 30, 30, 0.00, 328.00, 5, '入库单RK20260325001', '2026-03-25 11:00:00'),
(3, 1, 'out', 'outbound', 1, 30, -1, 29, 68.00, 68.00, 5, '出库单CK20260401001', '2026-04-01 09:20:00'),
(4, 5, 'out', 'outbound', 1, 30, -1, 29, 328.00, 328.00, 5, '出库单CK20260401001', '2026-04-01 09:20:00'),
(5, 1, 'out', 'outbound', 2, 29, -1, 28, 68.00, 68.00, 5, '出库单CK20260410001', '2026-04-10 14:10:00'),
(6, 2, 'out', 'outbound', 2, 30, -1, 29, 158.00, 158.00, 5, '出库单CK20260410001', '2026-04-10 14:10:00'),
(7, 10, 'out', 'outbound', 2, 25, -1, 24, 108.00, 108.00, 5, '出库单CK20260410001', '2026-04-10 14:10:00'),
(8, 5, 'out', 'outbound', 2, 29, -1, 28, 328.00, 328.00, 5, '出库单CK20260410001', '2026-04-10 14:10:00'),
(9, 17, 'out', 'outbound', 2, 20, -1, 19, 75.00, 75.00, 5, '出库单CK20260410001', '2026-04-10 14:10:00');

-- ============================================================
-- 20. 收款记录
-- ============================================================
INSERT IGNORE INTO payments (id, payment_no, order_id, customer_id, amount, payment_method, payment_type, transaction_no, payer_name, status, remark, received_by, received_at, created_at) VALUES
(1, 'SK20260401001', 1, 1, 486.00, 'wechat', 'repair', 'WX20260401120001', '张伟', 1, '工单G20260401001收款', 6, '2026-04-01 12:00:00', '2026-04-01 12:00:00'),
(2, 'SK20260406001', 2, 3, 2380.00, 'bank', 'repair', 'BK20260406093001', '王强', 1, '工单G20260405001收款', 6, '2026-04-06 09:30:00', '2026-04-06 09:30:00'),
(3, 'SK20260411001', 3, 5, 1156.00, 'alipay', 'repair', 'ZFB20260411100001', '刘洋', 1, '工单G20260410001收款', 6, '2026-04-11 10:00:00', '2026-04-11 10:00:00');

-- ============================================================
-- 21. 发票记录
-- ============================================================
INSERT IGNORE INTO invoices (id, invoice_no, order_id, customer_id, invoice_type, title, tax_no, amount, tax_amount, status, issued_by, issued_at, remark, created_at) VALUES
(1, 'FP20260401001', 1, 1, 'normal', '张伟', '110101198506150011', 486.00, 55.87, 1, 6, '2026-04-01 12:10:00', NULL, '2026-04-01 12:05:00'),
(2, 'FP20260406001', 2, 3, 'special', '华腾汽车服务有限公司', '91110105MA01XXXXX', 2380.00, 273.87, 1, 6, '2026-04-06 09:40:00', NULL, '2026-04-06 09:35:00'),
(3, 'FP20260411001', 3, 5, 'normal', '刘洋', '510101198201180055', 1156.00, 132.82, 1, 6, '2026-04-11 10:10:00', NULL, '2026-04-11 10:05:00');

-- ============================================================
-- 22. 员工工时统计
-- ============================================================
INSERT IGNORE INTO employee_labor_stats (id, employee_id, stat_date, stat_month, total_hours, total_amount, order_count, created_at) VALUES
(1, 1, '2026-04-01', '2026-04', 1.0, 120.00, 1, '2026-04-01 23:59:00'),
(2, 2, '2026-04-05', '2026-04', 12.0, 2000.00, 1, '2026-04-05 23:59:00'),
(3, 1, '2026-04-10', '2026-04', 2.5, 300.00, 1, '2026-04-10 23:59:00'),
(4, 1, '2026-04-25', '2026-04', 1.5, 180.00, 1, '2026-04-25 23:59:00'),
(5, 1, '2026-04-28', '2026-04', 2.0, 240.00, 1, '2026-04-28 23:59:00');

-- ============================================================
-- 23. 维修项目模板配件关联
-- ============================================================
INSERT IGNORE INTO repair_item_template_parts (template_id, part_id, quantity, sort_order) VALUES
-- 模板1: 小保养 - 机油滤清器 + 机油
(1, 1, 1, 1),
(1, 5, 1, 2),
-- 模板2: 大保养 - 机油滤清器 + 机油 + 空气滤清器 + 空调滤清器
(2, 1, 1, 1),
(2, 5, 1, 2),
(2, 2, 1, 3),
(2, 10, 1, 4),
-- 模板3: 更换前刹车片
(3, 3, 2, 1),
(3, 17, 1, 2),
-- 模板4: 更换后刹车片
(4, 4, 2, 1),
(4, 17, 1, 2),
-- 模板5: 更换轮胎
(5, 13, 1, 1),
-- 模板7: 更换火花塞
(7, 6, 4, 1),
-- 模板8: 更换空调滤清器
(8, 10, 1, 1),
-- 模板9: 更换雨刮片
(9, 8, 1, 1),
-- 模板10: 更换正时皮带
(10, 12, 1, 1);

-- ============================================================
-- 24. 备份记录
-- ============================================================
INSERT IGNORE INTO backup_records (backup_name, backup_type, file_path, file_size, status, created_by, created_at) VALUES
('每日自动备份_20260401', 'full', '/data/backups/full_20260401_010000.sql', 15728640, 1, 1, '2026-04-01 01:00:00'),
('每日自动备份_20260410', 'full', '/data/backups/full_20260410_010000.sql', 16777216, 1, 1, '2026-04-10 01:00:00'),
('每周完整备份_20260413', 'full', '/data/backups/weekly_20260413_020000.sql', 18874368, 1, 1, '2026-04-13 02:00:00'),
('每日自动备份_20260420', 'full', '/data/backups/full_20260420_010000.sql', 19922944, 1, 1, '2026-04-20 01:00:00'),
('手动备份_升级前', 'full', '/data/backups/manual_before_upgrade_20260425.sql', 20971520, 1, 1, '2026-04-25 10:30:00'),
('每日自动备份_20260425', 'full', '/data/backups/full_20260425_010000.sql', 20971520, 1, 1, '2026-04-25 01:00:00'),
('每日自动备份_20260428', 'full', '/data/backups/full_20260428_010000.sql', 22020096, 1, 1, '2026-04-28 01:00:00'),
('每日自动备份_20260429', 'full', '/data/backups/full_20260429_010000.sql', 23068672, 1, 1, '2026-04-29 01:00:00');

-- ============================================================
-- 25. 操作日志（补充多种操作类型）
-- ============================================================
INSERT IGNORE INTO operation_logs (user_id, username, action, module, description, ip_address, created_at) VALUES
(1, 'admin', 'create', 'work_order', '创建工单 G20260401001', '192.168.1.100', '2026-04-01 08:30:00'),
(1, 'admin', 'create', 'work_order', '创建工单 G20260405001', '192.168.1.100', '2026-04-05 09:15:00'),
(2, 'zhangwei', 'update', 'work_order', '确认工单 G20260401001', '192.168.1.101', '2026-04-01 08:45:00'),
(2, 'zhangwei', 'dispatch', 'work_order', '派工工单 G20260401001 给技师 李明', '192.168.1.101', '2026-04-01 09:00:00'),
(3, 'liming', 'update', 'work_order', '开始维修工单 G20260401001', '192.168.1.102', '2026-04-01 09:30:00'),
(3, 'liming', 'complete', 'work_order', '完成维修工单 G20260401001', '192.168.1.102', '2026-04-01 11:00:00'),
(4, 'wangfang', 'inspect', 'work_order', '质检通过工单 G20260401001', '192.168.1.103', '2026-04-01 11:30:00'),
(1, 'admin', 'settle', 'work_order', '结算工单 G20260401001，金额 896.00', '192.168.1.100', '2026-04-01 14:00:00'),
(1, 'admin', 'deliver', 'work_order', '交付工单 G20260401001', '192.168.1.100', '2026-04-01 15:00:00'),
(1, 'admin', 'create', 'customer', '新增客户 张三', '192.168.1.100', '2026-03-28 10:00:00'),
(1, 'admin', 'create', 'customer', '新增客户 李四', '192.168.1.100', '2026-03-29 11:00:00'),
(1, 'admin', 'create', 'customer', '新增客户 王五', '192.168.1.100', '2026-04-01 08:00:00'),
(2, 'zhangwei', 'create', 'appointment', '创建预约 A20260403001', '192.168.1.101', '2026-04-03 10:00:00'),
(2, 'zhangwei', 'update', 'appointment', '确认预约 A20260403001', '192.168.1.101', '2026-04-03 10:30:00'),
(1, 'admin', 'create', 'supplier', '新增供应商 北京华晨汽配有限公司', '192.168.1.100', '2026-03-25 09:00:00'),
(1, 'admin', 'create', 'supplier', '新增供应商 上海大众零部件有限公司', '192.168.1.100', '2026-03-25 09:30:00'),
(2, 'zhangwei', 'create', 'parts_inbound', '创建入库单 RK20260325001', '192.168.1.101', '2026-03-25 14:00:00'),
(2, 'zhangwei', 'confirm', 'parts_inbound', '确认入库单 RK20260325001', '192.168.1.101', '2026-03-25 15:00:00'),
(1, 'admin', 'create', 'parts_outbound', '创建出库单 CK20260401001', '192.168.1.100', '2026-04-01 09:15:00'),
(1, 'admin', 'create', 'payment', '创建收款记录，工单 G20260401001', '192.168.1.100', '2026-04-01 14:00:00'),
(1, 'admin', 'create', 'invoice', '开具发票，工单 G20260401001', '192.168.1.100', '2026-04-01 14:30:00'),
(1, 'admin', 'update', 'dict', '更新字典项 charge_type', '192.168.1.100', '2026-03-20 16:00:00'),
(1, 'admin', 'create', 'employee', '新增员工 李明', '192.168.1.100', '2026-03-15 09:00:00'),
(5, 'chenjie', 'login', 'auth', '用户登录', '192.168.1.105', '2026-04-28 08:00:00'),
(5, 'chenjie', 'create', 'work_order', '创建工单 G20260425001', '192.168.1.105', '2026-04-25 09:00:00'),
(5, 'chenjie', 'create', 'work_order', '创建工单 G20260428001', '192.168.1.105', '2026-04-28 10:00:00'),
(1, 'admin', 'backup', 'system', '执行手动备份', '192.168.1.100', '2026-04-25 10:30:00'),
(1, 'admin', 'export', 'report', '导出工单统计报表', '192.168.1.100', '2026-04-28 17:00:00');

-- ============================================================
-- 26. 额外出库单
-- ============================================================
INSERT IGNORE INTO parts_outbound (id, outbound_no, order_id, outbound_type, total_amount, total_quantity, status, outbound_by, outbound_at, remark, created_by, created_at) VALUES
(3, 'CK20260425001', 4, 'repair', 1580.00, 6, 1, 2, '2026-04-25 10:00:00', '工单G20260425001领料-更换刹车片', 2, '2026-04-25 10:00:00'),
(4, 'CK20260428001', 5, 'repair', 456.00, 6, 1, 2, '2026-04-28 11:00:00', '工单G20260428001领料-更换火花塞', 2, '2026-04-28 11:00:00');

-- ============================================================
-- 27. 额外出库单明细
-- ============================================================
INSERT IGNORE INTO parts_outbound_details (id, outbound_id, part_id, quantity, unit_price, total_price, created_at) VALUES
(8, 3, 3, 2, 380.00, 760.00, '2026-04-25 10:00:00'),
(9, 3, 4, 2, 320.00, 640.00, '2026-04-25 10:00:00'),
(10, 3, 17, 1, 75.00, 75.00, '2026-04-25 10:00:00'),
(11, 3, 18, 1, 105.00, 105.00, '2026-04-25 10:00:00'),
(12, 4, 6, 4, 85.00, 340.00, '2026-04-28 11:00:00'),
(13, 4, 16, 1, 58.00, 58.00, '2026-04-28 11:00:00'),
(14, 4, 18, 1, 58.00, 58.00, '2026-04-28 11:00:00');

-- ============================================================
-- 28. 更新配件库存（扣减出库数量）
-- ============================================================
UPDATE parts SET stock_quantity = 48 WHERE id = 1;   -- 机滤 出库2个
UPDATE parts SET stock_quantity = 29 WHERE id = 2;   -- 空滤 出库1个
UPDATE parts SET stock_quantity = 78 WHERE id = 5;   -- 机油 出库2桶
UPDATE parts SET stock_quantity = 24 WHERE id = 10;  -- 空调滤 出库1个
UPDATE parts SET stock_quantity = 19 WHERE id = 17;  -- 刹车油 出库1瓶

SELECT '示例数据导入完成' AS result;
